scenario,policy,family,setting,cost_per_share,mean,mean_se,std,std_se,tail_quantile,tail_quantile_se,expected_shortfall,expected_shortfall_se,mean_cost,mean_shares_traded,mean_trades
base: realized = implied,no hedge,none,,0.0,-93.48611690157529,112.5855023196178,15921.994430699106,93.08319031765997,-30507.787322451335,336.2983054604802,-40876.355783695486,409.57133578299437,0.0,0.0,0.0
base: realized = implied,every 1 steps,schedule,0.07692307692307693,0.0,7.121090451176939,7.9113865369552725,1118.839013773806,7.01542118460009,-1801.7406223927217,25.696047912981737,-2535.7790158055805,32.145774577253185,0.0,11259.402554870618,257.3366
base: realized = implied,every 2 steps,schedule,0.15384615384615385,0.0,4.510826841778019,11.164310105302922,1578.871876545839,10.767982327731506,-2572.7775369559618,35.119652818537745,-3623.743077384701,46.407522201765886,0.0,8247.540267224993,129.0059
base: realized = implied,every 4 steps,schedule,0.3076923076923077,0.0,22.390922528875635,15.657667909288715,2214.3286312450086,14.926869455732465,-3603.2020885991515,38.730398195239985,-5028.633204253259,63.46256682150451,0.0,6087.901088476097,64.7198
base: realized = implied,every 13 steps,schedule,1.0,0.0,-11.361522407768971,27.93962823020792,3951.2601170822236,26.245136233381213,-6542.396450360113,98.67058662320562,-9330.31471656962,126.7642568852015,0.0,3703.358305404532,19.9932
base: realized = implied,every 26 steps,schedule,2.0,0.0,-15.931100726529246,38.71715387249083,5475.432410296254,36.11480677936948,-9197.392851495333,141.2401027456048,-12975.90103863464,169.8255738248999,0.0,2759.8641076208783,10.0
base: realized = implied,every 65 steps,schedule,5.0,0.0,-30.196463553140383,59.22605992581467,8375.829719300877,54.20745058320447,-14352.682793779895,171.07995638543358,-20276.342477584927,254.69895568273984,0.0,1781.296516670794,4.0
base: realized = implied,band 10 sh,band,10.0,0.0,6.905999381794251,7.929318196637178,1121.374933405607,7.028256116714123,-1797.6198119943176,26.257956756549444,-2537.056040381403,32.374161153794184,0.0,11048.30686601301,187.99595
base: realized = implied,band 25 sh,band,25.0,0.0,3.849726745155151,8.098144219553133,1145.2505385345323,6.968500271310917,-1851.7109124391804,24.817099864200642,-2567.2144237342086,31.79916070988782,0.0,10336.29974449396,138.64305
base: realized = implied,band 50 sh,band,50.0,0.0,10.289155190886744,8.900064135168192,1258.6591405945228,7.269273171644269,-2022.92921279766,20.89864405122744,-2727.9716099575935,30.76319413150033,0.0,8856.697779634436,85.7693
base: realized = implied,band 100 sh,band,100.0,0.0,-5.368431600103312,11.774435725061418,1665.1566691672144,9.130709941779577,-2753.6681228934845,24.558624693802653,-3523.6232328088154,35.43518190100836,0.0,6583.89197972026,39.14905
base: realized = implied,band 200 sh,band,200.0,0.0,-8.730136592827293,18.932818323257244,2677.5048446696237,14.292244010157848,-4486.0040250101765,45.619081363826346,-5757.171060024789,53.771356751120784,0.0,4395.222794298685,14.15315
base: realized = implied,band 400 sh,band,400.0,0.0,-46.53938457766653,32.32979978084478,4572.124131887741,23.94833632852774,-7640.642374288594,78.1268169735613,-9710.023370259789,78.39323543059335,0.0,2820.564004427692,4.42725
base: realized = implied,no hedge,none,,0.01,-93.48611690157529,112.5855023196178,15921.994430699106,93.08319031765997,-30507.787322451335,336.2983054604802,-40876.355783695486,409.57133578299437,0.0,0.0,0.0
base: realized = implied,every 1 steps,schedule,0.07692307692307693,0.01,-105.63806557954321,7.930888837390736,1121.5970555511367,7.079266429768107,-1940.3262998816265,24.158741865717325,-2688.503842624465,32.56448197158362,112.59402554870618,11259.402554870618,257.3366
base: realized = implied,every 2 steps,schedule,0.15384615384615385,0.01,-78.08200784352371,11.181317650267403,1581.2771066209827,10.81878782075219,-2676.617985437787,33.735580235280985,-3735.650566954613,46.87163926191714,82.47540267224994,8247.540267224993,129.0059
base: realized = implied,every 4 steps,schedule,0.3076923076923077,0.01,-38.57147979364811,15.673715284506228,2216.598072812318,14.96858618768668,-3681.6694067886096,40.30598124788125,-5110.364985504705,63.69699532599069,60.87901088476097,6087.901088476097,64.7198
base: realized = implied,every 13 steps,schedule,1.0,0.01,-48.44163657635652,27.958176495541146,3953.8832379214978,26.273913494929047,-6591.269023351639,98.75748188828364,-9379.440848965807,126.77030141570896,37.03358305404532,3703.358305404532,19.9932
base: realized = implied,every 26 steps,schedule,2.0,0.01,-43.562306939502854,38.73745666721226,5478.303659061165,36.129909827513025,-9229.510401703552,141.6206313713435,-13011.9471779917,170.04850997084705,27.59864107620878,2759.8641076208783,10.0
base: realized = implied,every 65 steps,schedule,5.0,0.01,-48.02859629256032,59.2482883856923,8378.973298243838,54.21363083076429,-14376.137614642264,170.83603375119176,-20299.094389974336,254.5620744959521,17.812965166707944,1781.296516670794,4.0
base: realized = implied,band 10 sh,band,10.0,0.01,-103.73882416636806,7.9488914690424135,1124.1430121351577,7.0923540867841055,-1938.3759918434662,25.440227231527828,-2688.2339605980646,32.8161354651849,110.48306866013012,11048.30686601301,187.99595
base: realized = implied,band 25 sh,band,25.0,0.01,-99.66223312236217,8.117893918493836,1148.0435677440053,7.029240250122029,-1978.6563969859735,23.466172342389335,-2710.4912933288842,32.337506971273385,103.36299744493961,10336.29974449396,138.64305
base: realized = implied,band 50 sh,band,50.0,0.01,-78.39972862512678,8.919041253238207,1261.34291036946,7.306441525755037,-2127.9532889297175,21.806614686818968,-2849.7010330873577,31.327735990907893,88.56697779634436,8856.697779634436,85.7693
base: realized = implied,band 100 sh,band,100.0,0.01,-71.28947262754559,11.78757137890528,1667.0143311488773,9.153329573320763,-2824.505765379261,25.069650648949573,-3605.6115693047363,35.61510328917585,65.8389197972026,6583.89197972026,39.14905
base: realized = implied,band 200 sh,band,200.0,0.01,-52.73024669382814,18.940756910841447,2678.62753049239,14.307181090859588,-4536.731611322969,44.2915027327605,-5806.472999451598,53.797506765519366,43.952227942986845,4395.222794298685,14.15315
base: realized = implied,band 400 sh,band,400.0,0.01,-74.76991759855885,32.33952219968991,4573.499089546726,23.969228629084444,-7671.376644061483,77.95463486997764,-9743.779131774838,78.50536347861525,28.205640044276915,2820.564004427692,4.42725
base: realized = implied,no hedge,none,,0.05,-93.48611690157529,112.5855023196178,15921.994430699106,93.08319031765997,-30507.787322451335,336.2983054604802,-40876.355783695486,409.57133578299437,0.0,0.0,0.0
base: realized = implied,every 1 steps,schedule,0.07692307692307693,0.05,-556.6746897024175,8.09864715183878,1145.321663900464,7.351049066508028,-2522.1717636996123,26.669988153449236,-3311.4602102809845,34.02356016508629,562.9701277435308,11259.402554870618,257.3366
base: realized = implied,every 2 steps,schedule,0.15384615384615385,0.05,-408.4533465847267,11.280164885835477,1595.2562167353287,11.02411201820349,-3085.029778986622,34.77311889212566,-4187.402441319937,48.302820888142634,412.3770133612497,8247.540267224993,129.0059
base: realized = implied,every 4 steps,schedule,0.3076923076923077,0.05,-282.4210890837559,15.748056262719942,2227.11147477531,15.136915929478942,-3995.073355223541,45.0791746306544,-5438.796020671313,64.57705417166568,304.3950544238049,6087.901088476097,64.7198
base: realized = implied,every 13 steps,schedule,1.0,0.05,-196.7620932507696,28.033636288290623,3964.554864153515,26.38899031583344,-6759.005823044867,99.2310278906675,-9576.104223553237,127.60727465894885,185.16791527022664,3703.358305404532,19.9932
base: realized = implied,every 26 steps,schedule,2.0,0.05,-154.0871317914637,38.81901429503614,5489.8376493995165,36.19049603758639,-9356.15310072545,142.07832721559862,-13156.202706384778,170.2106670527848,137.9932053810439,2759.8641076208783,10.0
base: realized = implied,every 65 steps,schedule,5.0,0.05,-119.35712725023431,59.33733312015427,8391.566125357242,54.23854550787179,-14458.344396749053,170.1562372338566,-20390.134401828876,254.67611007036632,89.06482583353971,1781.296516670794,4.0
base: realized = implied,band 10 sh,band,10.0,0.05,-546.3181183590252,8.118655278577744,1148.1512403196564,7.365093353560657,-2514.9588293681386,27.49081941571318,-3305.3974087101806,34.340580853158656,552.4153433006505,11048.30686601301,187.99595
base: realized = implied,band 25 sh,band,25.0,0.05,-513.7100725924631,8.285738272786643,1171.7803439648694,7.293333920095719,-2515.301068552115,23.81030455236749,-3297.7177561553212,34.14428276211483,516.814987224698,10336.29974449396,138.64305
base: realized = implied,band 50 sh,band,50.0,0.05,-433.1552638891999,9.065875306516133,1282.1083813258456,7.488259430089937,-2584.45494122181,23.656695980491833,-3352.4364419672634,33.32535591496375,442.8348889817218,8856.697779634436,85.7693
base: realized = implied,band 100 sh,band,100.0,0.05,-334.9736367373107,11.875842419357717,1679.4977414061393,9.267061241222006,-3122.7389866439626,24.623143298061166,-3946.4988746997974,36.94482583228292,329.194598986013,6583.89197972026,39.14905
base: realized = implied,band 200 sh,band,200.0,0.05,-228.73068709781828,18.98326651033522,2684.6392957059047,14.374238131934053,-4745.054052080476,48.37987437005804,-6007.668151936078,53.88230162075545,219.7611397149343,4395.222794298685,14.15315
base: realized = implied,band 400 sh,band,400.0,0.05,-187.69204968213896,32.38068995080438,4579.321088742575,24.054634994734737,-7809.892403207169,73.52008942162412,-9879.771771138376,78.81840201502132,141.0282002213846,2820.564004427692,4.42725
realized 1.5x implied,no hedge,none,,0.01,-10525.893274205206,168.56724565722942,23839.008498033105,141.26260260503963,-56020.0770103949,499.03090577380596,-71701.61539871678,625.394486890214,0.0,0.0,0.0
realized 1.5x implied,every 1 steps,schedule,0.07692307692307693,0.01,-10515.489304963074,35.889079559521996,5075.4823054163035,23.208044989903403,-19575.54013821343,88.35198857640607,-21829.261694794925,96.31699774045592,133.29606766809871,13329.606766809871,253.3263
realized 1.5x implied,every 2 steps,schedule,0.15384615384615385,0.01,-10491.114790427982,37.67733118700267,5328.379275868197,26.72280850890914,-20199.421533681238,92.78951018962645,-23067.231175851583,122.11602417295086,97.13918465679684,9713.918465679684,127.124
realized 1.5x implied,every 4 steps,schedule,0.3076923076923077,0.01,-10431.829736421987,40.80118801183579,5770.159344727272,33.27707318585528,-21336.406147345137,110.66065252790294,-24753.8441584998,147.02154264009897,71.25534510942427,7125.534510942426,63.916
realized 1.5x implied,every 13 steps,schedule,1.0,0.01,-10451.140770075928,53.67470959287517,7590.750226268133,55.26912816708266,-25051.54582014737,180.1793869898902,-30966.103561793097,266.7423693508379,42.92667675211423,4292.667675211424,19.90405
realized 1.5x implied,every 26 steps,schedule,2.0,0.01,-10437.095032045285,67.03440977697203,9480.097145226944,71.75337827600677,-28437.470806387526,235.78438763792735,-36570.578785185484,332.31163499613467,31.950353495790065,3195.0353495790055,9.99305
realized 1.5x implied,every 65 steps,schedule,5.0,0.01,-10443.344802250265,94.64504600748116,13384.830767520541,102.22780771158457,-35215.024714226085,334.04436641452713,-47040.766522655365,485.78764470524885,20.945595745288653,2094.5595745288656,4.0
realized 1.5x implied,band 10 sh,band,10.0,0.01,-10513.736748867292,35.87814813567474,5073.9363686302195,23.206306516054795,-19553.103815766015,90.24383320831734,-21827.703935996436,96.50014954888756,131.48330792334602,13148.3307923346,176.11675
realized 1.5x implied,band 25 sh,band,25.0,0.01,-10510.037870568576,35.85305277214434,5070.387348284482,23.178618624920595,-19534.461012119828,82.22520117848343,-21831.73589044582,96.95857979049016,125.89579384690104,12589.579384690103,138.09875
realized 1.5x implied,band 50 sh,band,50.0,0.01,-10501.598237817254,35.80259641454736,5063.251741762322,22.780037818482366,-19532.91840125637,80.8734734039152,-21829.451330254968,94.93223050148448,113.39858347375633,11339.858347375632,95.74355
realized 1.5x implied,band 100 sh,band,100.0,0.01,-10499.243776619744,36.13593079914496,5110.392342512644,23.733236399174427,-19667.305584145295,80.45161049778007,-22000.59432641117,96.49511871308339,89.33357722410322,8933.357722410323,49.9328
realized 1.5x implied,band 200 sh,band,200.0,0.01,-10458.354331673181,38.34519291120707,5422.829186684171,25.745395060985214,-20131.09794380042,106.2373523938214,-22862.996936758307,112.80847034746759,61.21892010030185,6121.892010030185,19.74085
realized 1.5x implied,band 400 sh,band,400.0,0.01,-10391.477403813698,46.99434849673522,6646.0044998970625,37.53383131939002,-22462.425411204884,123.4101546628538,-26085.598772660353,158.29798918529187,38.28702029305402,3828.7020293054015,6.39195
realized 0.75x implied,no hedge,none,,0.01,5106.415297321396,84.74719687863742,11985.063519887188,69.61203556597201,-17739.50824833024,273.3372755018244,-25558.458865816538,306.1241399896577,0.0,0.0,0.0
realized 0.75x implied,every 1 steps,schedule,0.07692307692307693,0.01,5084.36667241585,13.141964567660546,1858.5544527812212,7.416963604966882,2217.313769585162,18.73636669649286,1788.838200186853,17.530599685153742,97.84017874720287,9784.017874720288,258.75685
realized 0.75x implied,every 2 steps,schedule,0.15384615384615385,0.01,5109.9596245384255,14.466578101447132,2045.8830952196156,8.85329246506984,2046.2456994853158,17.66350399620232,1589.2133567858639,18.982716212648093,72.01929556787088,7201.929556787089,129.6193
realized 0.75x implied,every 4 steps,schedule,0.3076923076923077,0.01,5139.072836707966,16.753345371262668,2369.280823916018,11.009479298796899,1689.1635057345616,19.820244885991425,1115.8428356548486,23.40000072063159,53.44148159984796,5344.148159984796,64.92415
realized 0.75x implied,every 13 steps,schedule,1.0,0.01,5132.761840061808,24.042119759528575,3400.0691832123484,17.174458085188004,118.84516050937826,38.64087973687404,-1147.1838450239716,59.14081036825042,32.72615017624775,3272.6150176247747,19.9996
realized 0.75x implied,every 26 steps,schedule,2.0,0.01,5136.363470487842,31.2805657956168,4423.740038686522,23.514312667058885,-1581.4848387144445,68.34093001627714,-3575.0028288582894,90.92940323990638,24.336778288441636,2433.6778288441637,10.0
realized 0.75x implied,every 65 steps,schedule,5.0,0.01,5130.655382233485,45.76115354349296,6471.6043971045365,34.730880982615396,-5423.185587258168,107.58239331016266,-8930.409010819205,156.88706142162758,15.409737318188508,1540.9737318188506,4.0
realized 0.75x implied,band 10 sh,band,10.0,0.01,5087.303071355736,13.148228693704507,1859.4403339819996,7.448304202794244,2216.6997625061545,18.865516110107894,1784.8104514775746,17.855002046199765,95.444971307504,9544.4971307504,190.69855
realized 0.75x implied,band 25 sh,band,25.0,0.01,5093.093592019614,13.249814867275148,1873.8067884233185,7.681883409602297,2176.9141408410915,18.72686994500964,1724.6157658141433,18.909235210110293,87.15534227555517,8715.53422755552,131.8974
realized 0.75x implied,band 50 sh,band,50.0,0.01,5106.957853675833,13.748628129028583,1944.3496364096454,8.202149989900036,2065.3145435933957,19.99281830090972,1497.4989680136912,23.52797738119098,71.82371334834977,7182.371334834975,74.22005
realized 0.75x implied,band 100 sh,band,100.0,0.01,5126.035754602013,15.582447747533749,2203.6908939532314,10.271430095563112,1579.755313816824,33.528498566723094,804.6802249091157,32.37185089464507,51.97606617030984,5197.606617030985,31.385
realized 0.75x implied,band 200 sh,band,200.0,0.01,5139.180869615457,20.883623971080247,2953.390425140156,13.655683432208166,261.32759160448336,45.754567470350636,-1014.2214109286468,52.03132421279203,34.63352659363527,3463.352659363526,10.852
realized 0.75x implied,band 400 sh,band,400.0,0.01,5117.525427297733,32.249112809184425,4560.713270924852,22.470449306637075,-2344.6531674493162,67.37022982715996,-4104.486618103833,75.5868894833867,23.050257870452754,2305.0257870452756,3.38315
"jumps, same total variance",no hedge,none,,0.01,-1.7514918828686117,113.2666413204573,16018.322031983953,101.08764208986923,-30783.460848167022,290.11119714276464,-41750.53661749344,462.90549129214253,0.0,0.0,0.0
"jumps, same total variance",every 1 steps,schedule,0.07692307692307693,0.01,53.017447046407774,42.06347793788905,5948.674098034416,106.06458439282333,-11357.869032441591,303.3776158588885,-21004.86068592583,425.55534698077287,103.4634129545719,10346.341295457189,257.3261
"jumps, same total variance",every 2 steps,schedule,0.15384615384615385,0.01,84.15071261728107,42.64907073459872,6031.489425547898,105.7270829477151,-11509.258695901803,301.69186867438776,-21065.876186973663,428.15115874791013,76.43541977982127,7643.541977982128,128.9981
"jumps, same total variance",every 4 steps,schedule,0.3076923076923077,0.01,111.0070890003479,43.962791460215385,6217.277592281668,105.77730865418823,-11425.211877164704,248.2176447056501,-21207.44947435392,440.06472372600473,56.996103398283935,5699.610339828393,64.70975
"jumps, same total variance",every 13 steps,schedule,1.0,0.01,89.98912957143993,49.358496266522536,6980.345483845795,115.81838641762558,-12407.248972067877,240.1564027198899,-22155.068130044736,466.44048780059825,35.44447686231732,3544.4476862317324,19.9892
"jumps, same total variance",every 26 steps,schedule,2.0,0.01,68.85257842697014,55.55181985317207,7856.21370508629,107.92532756768182,-13350.510650815175,236.61894450294125,-23519.22479597432,471.01605325914414,26.738026311218704,2673.80263112187,9.99965
"jumps, same total variance",every 65 steps,schedule,5.0,0.01,92.64030381378403,68.45892512684514,9681.554037986867,99.47279116538078,-16470.53605498284,206.2426428801356,-26409.851104858793,479.347342476237,17.484690083882505,1748.4690083882506,4.0
"jumps, same total variance",band 10 sh,band,10.0,0.01,55.7994243422839,42.06342968108655,5948.667273491958,106.06490785554917,-11306.465642788551,319.6285567863426,-21000.926487862132,425.36796843893063,101.2102555049788,10121.025550497881,183.76025
"jumps, same total variance",band 25 sh,band,25.0,0.01,61.25687524191467,42.05474553944754,5947.439150403613,106.15318791466066,-11390.157419514284,310.1469376936421,-20972.927609619328,425.10638984600934,93.74138138301399,9374.138138301398,131.2303
"jumps, same total variance",band 50 sh,band,50.0,0.01,77.5996319250774,42.09687024506199,5953.396483402707,105.50734567575736,-11318.04519947705,285.52314402341216,-20897.861993220755,421.76244375736934,79.11198166569662,7911.198166569662,77.66095
"jumps, same total variance",band 100 sh,band,100.0,0.01,83.24268456013252,42.52555307245836,6014.021390248746,102.6681461577941,-11335.472762677184,308.1362849392365,-20825.500308148432,418.58159688743604,58.4068807988832,5840.68807988832,34.1631
"jumps, same total variance",band 200 sh,band,200.0,0.01,99.67129178054442,44.458518602099744,6287.383997010599,98.769193371328,-11267.424942797148,258.80666507002616,-20764.88386734187,420.20697399448534,39.416631138833,3941.6631138832986,12.17125
"jumps, same total variance",band 400 sh,band,400.0,0.01,81.99239006927975,51.16684517988193,7236.084639723345,95.45621889367463,-12176.999910382705,285.1190950681489,-21252.660303914603,431.5887548173498,26.046674561689187,2604.667456168919,3.8722
